ID,Topic,Ground_Truth_Formatted,Final_Vote,Round1_Output,Round1_Reasoning,Round2_Output,Round2_Reasoning,Round3_Output,Round3_Reasoning
451,Room,Negative,Unknown,Unknown,,Unknown,,Unknown,
662,Facility,Positive,Unknown,Unknown,,Unknown,,Unknown,
756,Food,Negative,Positive,Unknown,,Positive,"The content expresses a positive sentiment through the word 'nice', indicating a favorable opinion towards the food aspect, specifically the idea of a breakfast buffet.",Positive,"The content expresses a desire for a breakfast buffet, which is a food-related aspect, using the word 'nice' indicating a positive sentiment, as it suggests a favorable improvement."
391,Facility,Positive,Positive,Positive,"The content describes the facility as 'recently renovated', which implies an improvement and positive sentiment towards the aspect of Facility.",Positive,"The phrase 'recently renovated' implies an improvement and positive update to the facility, aligning with a favorable stance as renovation typically indicates enhancement.",Positive,"The content 'it is recently renovated building' relates to the topic 'Facility' by describing an improvement to the building, which implicitly indicates a favorable opinion due to the positive connotation of renovation, suggesting well-maintained and updated facilities."
131,Off,Positive,Unknown,Unknown,,Unknown,,Unknown,
208,Location,Positive,Positive,Positive,"The content directly relates to the 'Location' topic and expresses favorable opinions through words like 'quiet' and 'easy', indicating satisfaction with the location's tranquility and accessibility.",Positive,"The input content directly evaluates the aspect 'Location' with opinion terms 'quiet area' and 'easy find parking places', both indicating favorable attributes (peacefulness and convenience), classifying the sentiment as positive.",Unknown,
536,Facility,Positive,Unknown,Unknown,,Unknown,,Unknown,
121,Off,Off,Unknown,Unknown,,Unknown,,Off,"The content '#NAME?' does not contain any opinion terms or sentiment expressions related to the topic 'Off'. It is neutral and irrelevant, as it lacks any evaluative language or context."
473,Room,Positive,Positive,Positive,"The content directly evaluates the 'Room' aspect with positive opinion terms 'very nice' and 'clean', indicating satisfaction and praise, which aligns with the Positive polarity category.",Positive,"The content directly uses opinion terms 'very nice' and 'clean' to describe the room positively, indicating satisfaction and praise, which aligns with the aspect category 'Room'.",Positive,"The content directly expresses positive sentiments about the rooms using explicit opinion terms 'very nice' and 'clean', indicating satisfaction and praise for the Room aspect."
212,Facility,Positive,Unknown,Unknown,,Unknown,,Unknown,
83,Room,Positive,Positive,Positive,"The content explicitly describes the room using the opinion terms 'clean' and 'comfortable', which indicate a favorable sentiment, classifying it as positive.",Positive,"The content explicitly evaluates the 'Room' aspect with positive opinion terms 'clean' and 'comfortable', indicating satisfaction and a favorable sentiment.",Positive,"The aspect 'Room' is directly mentioned, and the opinion terms 'clean' and 'comfortable' are positive descriptors indicating satisfaction with the room."
635,Facility,Positive,Unknown,Unknown,,Unknown,,Unknown,
287,Facility,Positive,Unknown,Unknown,,Unknown,,Positive,"The content explicitly links the aspect 'Facility' to a positive feature (pet policy) by stating that being allowed to take a dog was the reason for booking, indicating implicit satisfaction with this facility-related amenity."
182,Location,Positive,Unknown,Unknown,,Unknown,,Unknown,
456,Room,Negative,Unknown,Unknown,,Unknown,,Unknown,
456,Room,Positive,Unknown,Unknown,,Unknown,,Unknown,
456,Room,Negative,Unknown,Unknown,,Unknown,,Unknown,
456,Room,Positive,Unknown,Unknown,,Unknown,,Unknown,
456,Room,Negative,Unknown,Unknown,,Unknown,,Unknown,
456,Room,Positive,Unknown,Unknown,,Unknown,,Unknown,
456,Room,Negative,Unknown,Unknown,,Unknown,,Unknown,
456,Room,Positive,Unknown,Unknown,,Unknown,,Unknown,
635,Location,Positive,Unknown,Unknown,,Positive,"The content explicitly states 'Great location', indicating direct praise and satisfaction with the topic Location. The additional phrases, such as 'but it's nice', reinforce a positive sentiment despite factual details about travel times.",Unknown,
40,Room,Negative,Negative,Unknown,,Negative,"The content directly relates to the 'Room' topic by mentioning a missing feature (net curtain or blind), which expresses dissatisfaction with the room's amenities, aligning with the Negative polarity.",Negative,"The aspect 'Room' is related to the opinion term 'no net curtain or blind', which expresses a negative sentiment by highlighting a missing feature that requires additional action, implying inconvenience or dissatisfaction."
636,Staff,Positive,Positive,Positive,"The content 'a very friendly staff' directly expresses a positive sentiment towards the aspect 'Staff' by using the opinion term 'friendly', which indicates favorable attributes such as friendliness and approachability, aligning with the definition of positive polarity.",Positive,"The content 'a very friendly staff' contains an explicit opinion term 'friendly' which indicates a positive sentiment towards the staff aspect, describing them as approachable and pleasant.",Positive,"The content 'a very friendly staff' directly expresses a positive sentiment towards the Staff aspect by using the opinion term 'friendly', indicating satisfaction and praise."
287,Room,Positive,Unknown,Unknown,,Unknown,,Negative,"The content expresses a negative sentiment by mentioning a smell in the bathroom, which is part of the room, indicating dissatisfaction with the room's condition."
287,Room,Negative,Unknown,Unknown,,Unknown,,Negative,"The content expresses a negative sentiment by mentioning a smell in the bathroom, which is part of the room, indicating dissatisfaction with the room's condition."
287,Room,Positive,Unknown,Unknown,,Unknown,,Negative,"The content expresses a negative sentiment by mentioning a smell in the bathroom, which is part of the room, indicating dissatisfaction with the room's condition."
287,Room,Negative,Unknown,Unknown,,Unknown,,Negative,"The content expresses a negative sentiment by mentioning a smell in the bathroom, which is part of the room, indicating dissatisfaction with the room's condition."
287,Room,Positive,Unknown,Unknown,,Unknown,,Negative,"The content expresses a negative sentiment by mentioning a smell in the bathroom, which is part of the room, indicating dissatisfaction with the room's condition."
287,Room,Negative,Unknown,Unknown,,Unknown,,Negative,"The content expresses a negative sentiment by mentioning a smell in the bathroom, which is part of the room, indicating dissatisfaction with the room's condition."
287,Room,Positive,Unknown,Unknown,,Unknown,,Negative,"The content expresses a negative sentiment by mentioning a smell in the bathroom, which is part of the room, indicating dissatisfaction with the room's condition."
287,Room,Negative,Unknown,Unknown,,Unknown,,Negative,"The content expresses a negative sentiment by mentioning a smell in the bathroom, which is part of the room, indicating dissatisfaction with the room's condition."
347,Room,Positive,Positive,Unknown,,Positive,"The content explicitly expresses positive sentiment towards the Room by using words like 'exceptional' for cleanliness and 'had everything' to indicate satisfaction with the room's amenities, despite a neutral descriptor 'compact'.",Positive,"The content explicitly mentions 'exceptional' in cleanliness, indicating strong positive sentiment towards the Room aspect. Additionally, 'had everything that you might need' shows implicit positive sentiment, as it highlights satisfaction with the room's features, while 'compact' is acknowledged but not negative, maintaining an overall positive stance."
347,Room,Negative,Positive,Unknown,,Positive,"The content explicitly expresses positive sentiment towards the Room by using words like 'exceptional' for cleanliness and 'had everything' to indicate satisfaction with the room's amenities, despite a neutral descriptor 'compact'.",Positive,"The content explicitly mentions 'exceptional' in cleanliness, indicating strong positive sentiment towards the Room aspect. Additionally, 'had everything that you might need' shows implicit positive sentiment, as it highlights satisfaction with the room's features, while 'compact' is acknowledged but not negative, maintaining an overall positive stance."
347,Room,Positive,Positive,Unknown,,Positive,"The content explicitly expresses positive sentiment towards the Room by using words like 'exceptional' for cleanliness and 'had everything' to indicate satisfaction with the room's amenities, despite a neutral descriptor 'compact'.",Positive,"The content explicitly mentions 'exceptional' in cleanliness, indicating strong positive sentiment towards the Room aspect. Additionally, 'had everything that you might need' shows implicit positive sentiment, as it highlights satisfaction with the room's features, while 'compact' is acknowledged but not negative, maintaining an overall positive stance."
347,Room,Negative,Positive,Unknown,,Positive,"The content explicitly expresses positive sentiment towards the Room by using words like 'exceptional' for cleanliness and 'had everything' to indicate satisfaction with the room's amenities, despite a neutral descriptor 'compact'.",Positive,"The content explicitly mentions 'exceptional' in cleanliness, indicating strong positive sentiment towards the Room aspect. Additionally, 'had everything that you might need' shows implicit positive sentiment, as it highlights satisfaction with the room's features, while 'compact' is acknowledged but not negative, maintaining an overall positive stance."
347,Room,Positive,Positive,Unknown,,Positive,"The content explicitly expresses positive sentiment towards the Room by using words like 'exceptional' for cleanliness and 'had everything' to indicate satisfaction with the room's amenities, despite a neutral descriptor 'compact'.",Positive,"The content explicitly mentions 'exceptional' in cleanliness, indicating strong positive sentiment towards the Room aspect. Additionally, 'had everything that you might need' shows implicit positive sentiment, as it highlights satisfaction with the room's features, while 'compact' is acknowledged but not negative, maintaining an overall positive stance."
347,Room,Negative,Positive,Unknown,,Positive,"The content explicitly expresses positive sentiment towards the Room by using words like 'exceptional' for cleanliness and 'had everything' to indicate satisfaction with the room's amenities, despite a neutral descriptor 'compact'.",Positive,"The content explicitly mentions 'exceptional' in cleanliness, indicating strong positive sentiment towards the Room aspect. Additionally, 'had everything that you might need' shows implicit positive sentiment, as it highlights satisfaction with the room's features, while 'compact' is acknowledged but not negative, maintaining an overall positive stance."
347,Room,Positive,Positive,Unknown,,Positive,"The content explicitly expresses positive sentiment towards the Room by using words like 'exceptional' for cleanliness and 'had everything' to indicate satisfaction with the room's amenities, despite a neutral descriptor 'compact'.",Positive,"The content explicitly mentions 'exceptional' in cleanliness, indicating strong positive sentiment towards the Room aspect. Additionally, 'had everything that you might need' shows implicit positive sentiment, as it highlights satisfaction with the room's features, while 'compact' is acknowledged but not negative, maintaining an overall positive stance."
347,Room,Negative,Positive,Unknown,,Positive,"The content explicitly expresses positive sentiment towards the Room by using words like 'exceptional' for cleanliness and 'had everything' to indicate satisfaction with the room's amenities, despite a neutral descriptor 'compact'.",Positive,"The content explicitly mentions 'exceptional' in cleanliness, indicating strong positive sentiment towards the Room aspect. Additionally, 'had everything that you might need' shows implicit positive sentiment, as it highlights satisfaction with the room's features, while 'compact' is acknowledged but not negative, maintaining an overall positive stance."
521,Staff,Positive,Positive,Positive,"The content 'nice hosts' expresses a positive sentiment towards the Staff aspect, as 'hosts' is a component of staff, and 'nice' indicates satisfaction, aligning with the Positive polarity rule.",Positive,"The content 'nice hosts' directly expresses a positive sentiment towards the Staff aspect, as 'hosts' refers to staff members, and 'nice' indicates satisfaction and praise.",Unknown,
770,Location,Negative,Negative,Negative,"The content explicitly describes a negative opinion term 'constant stench' which indicates dissatisfaction with the location, as the stench is coming from outside, suggesting an unfavorable aspect of the surrounding environment.",Negative,"The opinion term 'constant stench' directly relates to the topic 'Location' by describing an unpleasant smell from the outside, indicating dissatisfaction.",Negative,"The content explicitly describes a negative sensory experience ('stench') at the location, indicating dissatisfaction with the aspect category."
399,Room,Positive,Positive,Positive,"The content directly relates to the 'Room' topic and uses opinion terms 'clean' and 'ready', which indicate a favorable sentiment, confirming the positive polarity.",Positive,"The content directly describes the room as 'clean', which is a positive attribute indicating satisfaction with the room, fulfilling the aspect category.",Positive,"The content explicitly attributes the opinion terms 'clean' and 'ready' to the topic 'Room', indicating satisfaction and a favorable stance."
259,Room,Negative,Negative,Negative,"The content directly expresses dissatisfaction with the room's bathroom condition, as it describes a slipperiness issue and a need for improvement, which aligns with the Negative polarity definition.",Unknown,,Negative,"The content explicitly discusses a defect in the room (bathroom) by describing the floor as slippery and insufficient towels, indicating dissatisfaction and a negative opinion toward the 'Room' aspect."
374,Room,Positive,Unknown,Unknown,,Unknown,,Positive,"The content directly evaluates the room attributes with positive descriptors ('great size', 'very clean', 'modern', 'comfy'), indicating satisfaction and praise for the room."
637,Room,Positive,Positive,Unknown,,Positive,"The content 'Very clean' directly relates to the topic 'Room' and expresses a positive sentiment through the opinion term 'clean', indicating satisfaction with the room's condition.",Positive,"The content 'Very clean.' directly relates to the aspect 'Room' by describing its cleanliness, which expresses a favorable opinion, indicating satisfaction."
695,Room,Positive,Unknown,Unknown,,Positive,"The content directly relates to the 'Room' topic by mentioning 'rooms' and 'beds', with opinion terms 'super clean' and 'comfortable' indicating positive sentiment through praise and satisfaction.",Unknown,
152,Off,Negative,Unknown,Unknown,,Unknown,,Unknown,
148,Off,Off,Unknown,Unknown,,Off,"The input content is empty, providing no opinion terms or sentiment expressions related to the topic 'Off', thus falling under the Off category for neutrality.",Unknown,
700,Room,Positive,Unknown,Unknown,,Unknown,,Positive,"The content directly mentions 'Great bed' and 'excellent cleaning', where 'bed' is a component of the Room aspect, and 'cleaning' pertains to the room's condition. Both opinion terms ('Great' and 'Excellent') express positive sentiment, indicating satisfaction with the Room."
700,Room,Negative,Unknown,Unknown,,Unknown,,Positive,"The content directly mentions 'Great bed' and 'excellent cleaning', where 'bed' is a component of the Room aspect, and 'cleaning' pertains to the room's condition. Both opinion terms ('Great' and 'Excellent') express positive sentiment, indicating satisfaction with the Room."
700,Room,Positive,Unknown,Unknown,,Unknown,,Positive,"The content directly mentions 'Great bed' and 'excellent cleaning', where 'bed' is a component of the Room aspect, and 'cleaning' pertains to the room's condition. Both opinion terms ('Great' and 'Excellent') express positive sentiment, indicating satisfaction with the Room."
700,Room,Negative,Unknown,Unknown,,Unknown,,Positive,"The content directly mentions 'Great bed' and 'excellent cleaning', where 'bed' is a component of the Room aspect, and 'cleaning' pertains to the room's condition. Both opinion terms ('Great' and 'Excellent') express positive sentiment, indicating satisfaction with the Room."
700,Room,Positive,Unknown,Unknown,,Unknown,,Positive,"The content directly mentions 'Great bed' and 'excellent cleaning', where 'bed' is a component of the Room aspect, and 'cleaning' pertains to the room's condition. Both opinion terms ('Great' and 'Excellent') express positive sentiment, indicating satisfaction with the Room."
700,Room,Negative,Unknown,Unknown,,Unknown,,Positive,"The content directly mentions 'Great bed' and 'excellent cleaning', where 'bed' is a component of the Room aspect, and 'cleaning' pertains to the room's condition. Both opinion terms ('Great' and 'Excellent') express positive sentiment, indicating satisfaction with the Room."
700,Room,Positive,Unknown,Unknown,,Unknown,,Positive,"The content directly mentions 'Great bed' and 'excellent cleaning', where 'bed' is a component of the Room aspect, and 'cleaning' pertains to the room's condition. Both opinion terms ('Great' and 'Excellent') express positive sentiment, indicating satisfaction with the Room."
700,Room,Negative,Unknown,Unknown,,Unknown,,Positive,"The content directly mentions 'Great bed' and 'excellent cleaning', where 'bed' is a component of the Room aspect, and 'cleaning' pertains to the room's condition. Both opinion terms ('Great' and 'Excellent') express positive sentiment, indicating satisfaction with the Room."
670,Room,Negative,Unknown,Unknown,,Unknown,,Unknown,
670,Room,Positive,Unknown,Unknown,,Unknown,,Unknown,
670,Room,Negative,Unknown,Unknown,,Unknown,,Unknown,
670,Room,Positive,Unknown,Unknown,,Unknown,,Unknown,
670,Room,Negative,Unknown,Unknown,,Unknown,,Unknown,
670,Room,Positive,Unknown,Unknown,,Unknown,,Unknown,
670,Room,Negative,Unknown,Unknown,,Unknown,,Unknown,
670,Room,Positive,Unknown,Unknown,,Unknown,,Unknown,
180,Food,Positive,Positive,Positive,"The content explicitly mentions 'delicious' and 'great' in reference to breakfast and croissants, which are aspect terms under 'Food', indicating positive sentiment through words that express satisfaction and praise.",Positive,"The content explicitly describes the food using positive opinion terms like 'delicious' and 'great', indicating a favorable sentiment towards the 'Food' aspect.",Positive,"The aspect 'Food' is directly related to the content, which describes breakfast and croissants using positive opinion terms like 'delicious' and 'great', indicating satisfaction and praise."
536,Location,Positive,Unknown,Unknown,,Unknown,,Unknown,
114,Facility,Negative,Positive,Positive,"The opinion term 'clean' directly relates to the Facility aspect, indicating a positive sentiment as it describes the hotel's facilities being immaculate, which implies satisfaction and praise.",Positive,"The content directly describes the hotel as 'immaculately clean,' which is an explicit positive opinion term related to the Facility aspect, indicating satisfaction with cleanliness.",Positive,"The aspect 'Facility' relates to the cleanliness of the hotel, and the opinion term 'immaculately clean' directly expresses a positive sentiment, indicating satisfaction with the facility."
114,Facility,Positive,Positive,Positive,"The opinion term 'clean' directly relates to the Facility aspect, indicating a positive sentiment as it describes the hotel's facilities being immaculate, which implies satisfaction and praise.",Positive,"The content directly describes the hotel as 'immaculately clean,' which is an explicit positive opinion term related to the Facility aspect, indicating satisfaction with cleanliness.",Positive,"The aspect 'Facility' relates to the cleanliness of the hotel, and the opinion term 'immaculately clean' directly expresses a positive sentiment, indicating satisfaction with the facility."
114,Facility,Negative,Positive,Positive,"The opinion term 'clean' directly relates to the Facility aspect, indicating a positive sentiment as it describes the hotel's facilities being immaculate, which implies satisfaction and praise.",Positive,"The content directly describes the hotel as 'immaculately clean,' which is an explicit positive opinion term related to the Facility aspect, indicating satisfaction with cleanliness.",Positive,"The aspect 'Facility' relates to the cleanliness of the hotel, and the opinion term 'immaculately clean' directly expresses a positive sentiment, indicating satisfaction with the facility."
114,Facility,Positive,Positive,Positive,"The opinion term 'clean' directly relates to the Facility aspect, indicating a positive sentiment as it describes the hotel's facilities being immaculate, which implies satisfaction and praise.",Positive,"The content directly describes the hotel as 'immaculately clean,' which is an explicit positive opinion term related to the Facility aspect, indicating satisfaction with cleanliness.",Positive,"The aspect 'Facility' relates to the cleanliness of the hotel, and the opinion term 'immaculately clean' directly expresses a positive sentiment, indicating satisfaction with the facility."
114,Facility,Negative,Positive,Positive,"The opinion term 'clean' directly relates to the Facility aspect, indicating a positive sentiment as it describes the hotel's facilities being immaculate, which implies satisfaction and praise.",Positive,"The content directly describes the hotel as 'immaculately clean,' which is an explicit positive opinion term related to the Facility aspect, indicating satisfaction with cleanliness.",Positive,"The aspect 'Facility' relates to the cleanliness of the hotel, and the opinion term 'immaculately clean' directly expresses a positive sentiment, indicating satisfaction with the facility."
114,Facility,Positive,Positive,Positive,"The opinion term 'clean' directly relates to the Facility aspect, indicating a positive sentiment as it describes the hotel's facilities being immaculate, which implies satisfaction and praise.",Positive,"The content directly describes the hotel as 'immaculately clean,' which is an explicit positive opinion term related to the Facility aspect, indicating satisfaction with cleanliness.",Positive,"The aspect 'Facility' relates to the cleanliness of the hotel, and the opinion term 'immaculately clean' directly expresses a positive sentiment, indicating satisfaction with the facility."
114,Facility,Negative,Positive,Positive,"The opinion term 'clean' directly relates to the Facility aspect, indicating a positive sentiment as it describes the hotel's facilities being immaculate, which implies satisfaction and praise.",Positive,"The content directly describes the hotel as 'immaculately clean,' which is an explicit positive opinion term related to the Facility aspect, indicating satisfaction with cleanliness.",Positive,"The aspect 'Facility' relates to the cleanliness of the hotel, and the opinion term 'immaculately clean' directly expresses a positive sentiment, indicating satisfaction with the facility."
114,Facility,Positive,Positive,Positive,"The opinion term 'clean' directly relates to the Facility aspect, indicating a positive sentiment as it describes the hotel's facilities being immaculate, which implies satisfaction and praise.",Positive,"The content directly describes the hotel as 'immaculately clean,' which is an explicit positive opinion term related to the Facility aspect, indicating satisfaction with cleanliness.",Positive,"The aspect 'Facility' relates to the cleanliness of the hotel, and the opinion term 'immaculately clean' directly expresses a positive sentiment, indicating satisfaction with the facility."
28,Off,Off,Unknown,Unknown,,Unknown,,Unknown,
190,Check-in,Positive,Unknown,Unknown,,Unknown,,Unknown,
440,Room,Positive,Positive,Positive,"The content 'Very modern rooms' expresses a positive sentiment by describing the room with the word 'modern', which implies satisfaction and favorable opinion due to its contemporary features.",Positive,"The content directly relates to the 'Room' topic with the opinion term 'modern', which is a positive descriptor indicating satisfaction with the room's features, as modern amenities are generally viewed favorably.",Positive,"The content explicitly describes the room with the opinion term 'modern', which conveys a positive sentiment by indicating that the rooms are up-to-date and satisfying, aligning with the rules for positive polarity."
440,Room,Negative,Positive,Positive,"The content 'Very modern rooms' expresses a positive sentiment by describing the room with the word 'modern', which implies satisfaction and favorable opinion due to its contemporary features.",Positive,"The content directly relates to the 'Room' topic with the opinion term 'modern', which is a positive descriptor indicating satisfaction with the room's features, as modern amenities are generally viewed favorably.",Positive,"The content explicitly describes the room with the opinion term 'modern', which conveys a positive sentiment by indicating that the rooms are up-to-date and satisfying, aligning with the rules for positive polarity."
440,Room,Positive,Positive,Positive,"The content 'Very modern rooms' expresses a positive sentiment by describing the room with the word 'modern', which implies satisfaction and favorable opinion due to its contemporary features.",Positive,"The content directly relates to the 'Room' topic with the opinion term 'modern', which is a positive descriptor indicating satisfaction with the room's features, as modern amenities are generally viewed favorably.",Positive,"The content explicitly describes the room with the opinion term 'modern', which conveys a positive sentiment by indicating that the rooms are up-to-date and satisfying, aligning with the rules for positive polarity."
440,Room,Negative,Positive,Positive,"The content 'Very modern rooms' expresses a positive sentiment by describing the room with the word 'modern', which implies satisfaction and favorable opinion due to its contemporary features.",Positive,"The content directly relates to the 'Room' topic with the opinion term 'modern', which is a positive descriptor indicating satisfaction with the room's features, as modern amenities are generally viewed favorably.",Positive,"The content explicitly describes the room with the opinion term 'modern', which conveys a positive sentiment by indicating that the rooms are up-to-date and satisfying, aligning with the rules for positive polarity."
440,Room,Positive,Positive,Positive,"The content 'Very modern rooms' expresses a positive sentiment by describing the room with the word 'modern', which implies satisfaction and favorable opinion due to its contemporary features.",Positive,"The content directly relates to the 'Room' topic with the opinion term 'modern', which is a positive descriptor indicating satisfaction with the room's features, as modern amenities are generally viewed favorably.",Positive,"The content explicitly describes the room with the opinion term 'modern', which conveys a positive sentiment by indicating that the rooms are up-to-date and satisfying, aligning with the rules for positive polarity."
440,Room,Negative,Positive,Positive,"The content 'Very modern rooms' expresses a positive sentiment by describing the room with the word 'modern', which implies satisfaction and favorable opinion due to its contemporary features.",Positive,"The content directly relates to the 'Room' topic with the opinion term 'modern', which is a positive descriptor indicating satisfaction with the room's features, as modern amenities are generally viewed favorably.",Positive,"The content explicitly describes the room with the opinion term 'modern', which conveys a positive sentiment by indicating that the rooms are up-to-date and satisfying, aligning with the rules for positive polarity."
440,Room,Positive,Positive,Positive,"The content 'Very modern rooms' expresses a positive sentiment by describing the room with the word 'modern', which implies satisfaction and favorable opinion due to its contemporary features.",Positive,"The content directly relates to the 'Room' topic with the opinion term 'modern', which is a positive descriptor indicating satisfaction with the room's features, as modern amenities are generally viewed favorably.",Positive,"The content explicitly describes the room with the opinion term 'modern', which conveys a positive sentiment by indicating that the rooms are up-to-date and satisfying, aligning with the rules for positive polarity."
440,Room,Negative,Positive,Positive,"The content 'Very modern rooms' expresses a positive sentiment by describing the room with the word 'modern', which implies satisfaction and favorable opinion due to its contemporary features.",Positive,"The content directly relates to the 'Room' topic with the opinion term 'modern', which is a positive descriptor indicating satisfaction with the room's features, as modern amenities are generally viewed favorably.",Positive,"The content explicitly describes the room with the opinion term 'modern', which conveys a positive sentiment by indicating that the rooms are up-to-date and satisfying, aligning with the rules for positive polarity."
604,Off,Off,Unknown,Unknown,,Unknown,,Unknown,
436,Location,Positive,Unknown,Unknown,,Positive,"The content explicitly mentions 'Central location,' which indicates a positive sentiment by suggesting the location is convenient and desirable. The other parts of the text are contextual and do not alter this positive stance.",Unknown,
726,Staff,Positive,Positive,Positive,"The content 'Friendly staff.' explicitly expresses a positive sentiment towards the staff aspect through the opinion term 'Friendly', indicating satisfaction and praise.",Positive,"The content 'Friendly staff.' explicitly describes the staff with positive sentiment words, indicating helpfulness and satisfaction, which aligns with the Positive polarity for the aspect category Staff.",Positive,"The content 'Friendly staff.' directly expresses a positive sentiment towards the Staff aspect by using the opinion term 'Friendly', indicating satisfaction with the staff's friendliness."
